{
  "data": {
    "total": 10,
    "entries": [
      {
        "id": "d7715fb9-8ca3-477f-a2d1-47a41a7fa2ab",
        "fields": [
          { "name": "Amount", "value": "25" },
          {
            "name": "Company Name",
            "value": "Altenwerth, Wyman and Turner"
          },
          { "name": "Contract Type", "value": "New" },
          {
            "name": "Current Product Plan",
            "value": "(No value)"
          },
          {
            "name": "Customer Id",
            "value": "Altenwerth, Wyman and Turner CID"
          },
          {
            "name": "Customer Name",
            "value": "Altenwerth, Wyman and Turner CNAME"
          },
          { "name": "Date", "value": "2020-12-01" },
          {
            "name": "Deal Id",
            "value": "907ac984-5f96-4ce4-b389-44d594c45000"
          },
          {
            "name": "Deal Name",
            "value": "Altenwerth, Wyman and Turner"
          },
          { "name": "Deal Stage", "value": "Closed Lost" },
          {
            "name": "Deal owner",
            "value": "Genevieve Hayes"
          },
          {
            "name": "Partner Referral",
            "value": "(No value)"
          },
          {
            "name": "Product Pricing Plan",
            "value": "Small"
          },
          { "name": "Revenue Driver", "value": "Sales Led" },
          { "name": "Revenue Stream", "value": null },
          { "name": "Pricing Plan", "value": null },
          { "name": "Revenue Metric", "value": null },
          { "name": "Customer Metric", "value": null }
        ]
      },
      {
        "id": "fd85c2f6-dc5f-4152-8781-eb941ef3d26b",
        "fields": [
          { "name": "Amount", "value": "25" },
          {
            "name": "Company Name",
            "value": "Dooley, Roob and Bartell"
          },
          { "name": "Contract Type", "value": "New" },
          {
            "name": "Current Product Plan",
            "value": "(No value)"
          },
          {
            "name": "Customer Id",
            "value": "Dooley, Roob and Bartell"
          },
          {
            "name": "Customer Name",
            "value": "Dooley, Roob and Bartell"
          },
          { "name": "Date", "value": "2020-12-01" },
          {
            "name": "Deal Id",
            "value": "8a1c1197-60c0-4709-9ba6-f04ab1655328"
          },
          {
            "name": "Deal Name",
            "value": "Dooley, Roob and Bartell"
          },
          { "name": "Deal Stage", "value": "Closed Lost" },
          { "name": "Deal owner", "value": "Gerald Rohan" },
          {
            "name": "Partner Referral",
            "value": "(No value)"
          },
          {
            "name": "Product Pricing Plan",
            "value": "Small"
          },
          {
            "name": "Revenue Driver",
            "value": "Self Service"
          },
          {
            "name": "Revenue Stream",
            "value": "A super long named revenue stream that should blow out everywhere"
          },
          {
            "name": "Pricing Plan",
            "value": "Very long named pricing plan blah blah blah this is really long"
          },
          { "name": "Revenue Metric", "value": null },
          { "name": "Customer Metric", "value": null }
        ]
      },
      {
        "id": "cc68cd96-d672-48e3-9249-97929606cd52",
        "fields": [
          { "name": "Amount", "value": "25" },
          {
            "name": "Company Name",
            "value": "Reilly, Schaden and Funk"
          },
          { "name": "Contract Type", "value": "New" },
          {
            "name": "Current Product Plan",
            "value": "(No value)"
          },
          {
            "name": "Customer Id",
            "value": "Reilly, Schaden and Funk"
          },
          {
            "name": "Customer Name",
            "value": "Reilly, Schaden and Funk"
          },
          { "name": "Date", "value": "2020-12-01" },
          {
            "name": "Deal Id",
            "value": "f25ab4c6-bea9-4604-b678-3388aa13d436"
          },
          {
            "name": "Deal Name",
            "value": "Reilly, Schaden and Funk"
          },
          { "name": "Deal Stage", "value": "Closed Lost" },
          { "name": "Deal owner", "value": "Gerald Rohan" },
          {
            "name": "Partner Referral",
            "value": "(No value)"
          },
          {
            "name": "Product Pricing Plan",
            "value": "Small"
          },
          {
            "name": "Revenue Driver",
            "value": "Self Service"
          },
          { "name": "Revenue Stream", "value": null },
          { "name": "Pricing Plan", "value": null },
          { "name": "Revenue Metric", "value": null },
          { "name": "Customer Metric", "value": null }
        ]
      },
      {
        "id": "5eac491d-47fc-4834-baf7-30ca1efba6dc",
        "fields": [
          { "name": "Amount", "value": "25" },
          {
            "name": "Company Name",
            "value": "Mills, Cronin and Block"
          },
          { "name": "Contract Type", "value": "New" },
          {
            "name": "Current Product Plan",
            "value": "(No value)"
          },
          {
            "name": "Customer Id",
            "value": "Mills, Cronin and Block"
          },
          {
            "name": "Customer Name",
            "value": "Mills, Cronin and Block"
          },
          { "name": "Date", "value": "2021-02-01" },
          {
            "name": "Deal Id",
            "value": "4d535ac1-e135-40f6-89bf-282d80dfd6a9"
          },
          {
            "name": "Deal Name",
            "value": "Mills, Cronin and Block"
          },
          { "name": "Deal Stage", "value": "Closed Lost" },
          { "name": "Deal owner", "value": "Gerald Rohan" },
          {
            "name": "Partner Referral",
            "value": "(No value)"
          },
          {
            "name": "Product Pricing Plan",
            "value": "Small"
          },
          {
            "name": "Revenue Driver",
            "value": "Self Service"
          },
          { "name": "Revenue Stream", "value": null },
          { "name": "Pricing Plan", "value": null },
          { "name": "Revenue Metric", "value": null },
          { "name": "Customer Metric", "value": null }
        ]
      },
      {
        "id": "f5d3a408-a63a-4db7-8add-c4dcd78868f8",
        "fields": [
          { "name": "Amount", "value": "25" },
          {
            "name": "Company Name",
            "value": "Bosco and Sons"
          },
          { "name": "Contract Type", "value": "New" },
          {
            "name": "Current Product Plan",
            "value": "(No value)"
          },
          {
            "name": "Customer Id",
            "value": "Bosco and Sons"
          },
          {
            "name": "Customer Name",
            "value": "Bosco and Sons"
          },
          { "name": "Date", "value": "2021-01-01" },
          {
            "name": "Deal Id",
            "value": "391a7fb9-06b8-4410-9f9b-1d9b4976ee6e"
          },
          { "name": "Deal Name", "value": "Bosco and Sons" },
          { "name": "Deal Stage", "value": "Closed Won" },
          { "name": "Deal owner", "value": "Gerald Rohan" },
          {
            "name": "Partner Referral",
            "value": "(No value)"
          },
          {
            "name": "Product Pricing Plan",
            "value": "Small"
          },
          {
            "name": "Revenue Driver",
            "value": "Self Service"
          },
          { "name": "Revenue Stream", "value": null },
          { "name": "Pricing Plan", "value": null },
          { "name": "Revenue Metric", "value": null },
          { "name": "Customer Metric", "value": null }
        ]
      },
      {
        "id": "fa6556a9-d8a7-424e-b8ae-dcdb4373702c",
        "fields": [
          { "name": "Amount", "value": "25" },
          {
            "name": "Company Name",
            "value": "Romaguera, Kris and Corkery"
          },
          { "name": "Contract Type", "value": "New" },
          {
            "name": "Current Product Plan",
            "value": "(No value)"
          },
          {
            "name": "Customer Id",
            "value": "Romaguera, Kris and Corkery"
          },
          {
            "name": "Customer Name",
            "value": "Romaguera, Kris and Corkery"
          },
          { "name": "Date", "value": "2021-01-01" },
          {
            "name": "Deal Id",
            "value": "da90c276-20ea-4f6a-a3ca-4021e760c76d"
          },
          {
            "name": "Deal Name",
            "value": "Romaguera, Kris and Corkery"
          },
          { "name": "Deal Stage", "value": "Closed Lost" },
          { "name": "Deal owner", "value": "Gerald Rohan" },
          {
            "name": "Partner Referral",
            "value": "(No value)"
          },
          {
            "name": "Product Pricing Plan",
            "value": "Small"
          },
          {
            "name": "Revenue Driver",
            "value": "Self Service"
          },
          { "name": "Revenue Stream", "value": null },
          { "name": "Pricing Plan", "value": null },
          { "name": "Revenue Metric", "value": null },
          { "name": "Customer Metric", "value": null }
        ]
      },
      {
        "id": "2bd815d2-96b8-4052-b217-ff93c5138faf",
        "fields": [
          { "name": "Amount", "value": "25" },
          { "name": "Company Name", "value": "Smith Inc" },
          { "name": "Contract Type", "value": "New" },
          {
            "name": "Current Product Plan",
            "value": "(No value)"
          },
          { "name": "Customer Id", "value": "Smith Inc" },
          {
            "name": "Customer Name",
            "value": "Smith Inc"
          },
          { "name": "Date", "value": "2020-12-01" },
          {
            "name": "Deal Id",
            "value": "c7a04e9f-643f-4c92-81db-9adc4aca5938"
          },
          { "name": "Deal Name", "value": "Smith Inc" },
          { "name": "Deal Stage", "value": "Closed Lost" },
          { "name": "Deal owner", "value": "Gerald Rohan" },
          {
            "name": "Partner Referral",
            "value": "(No value)"
          },
          {
            "name": "Product Pricing Plan",
            "value": "Small"
          },
          {
            "name": "Revenue Driver",
            "value": "Self Service"
          },
          { "name": "Revenue Stream", "value": null },
          { "name": "Pricing Plan", "value": null },
          { "name": "Revenue Metric", "value": null },
          { "name": "Customer Metric", "value": null }
        ]
      },
      {
        "id": "16e4fb66-b115-4ab1-bdb7-990226be8fc0",
        "fields": [
          { "name": "Amount", "value": "25" },
          {
            "name": "Company Name",
            "value": "Russel, Daugherty and Sipes"
          },
          { "name": "Contract Type", "value": "New" },
          {
            "name": "Current Product Plan",
            "value": "(No value)"
          },
          {
            "name": "Customer Id",
            "value": "Russel, Daugherty and Sipes"
          },
          {
            "name": "Customer Name",
            "value": "Russel, Daugherty and Sipes"
          },
          { "name": "Date", "value": "2020-12-01" },
          {
            "name": "Deal Id",
            "value": "f0da10f5-3636-49c2-bf98-63e72997d5b3"
          },
          {
            "name": "Deal Name",
            "value": "Russel, Daugherty and Sipes"
          },
          { "name": "Deal Stage", "value": "Closed Lost" },
          {
            "name": "Deal owner",
            "value": "Genevieve Hayes"
          },
          {
            "name": "Partner Referral",
            "value": "(No value)"
          },
          {
            "name": "Product Pricing Plan",
            "value": "Small"
          },
          {
            "name": "Revenue Driver",
            "value": "Self Service"
          },
          { "name": "Revenue Stream", "value": null },
          { "name": "Pricing Plan", "value": null },
          { "name": "Revenue Metric", "value": null },
          { "name": "Customer Metric", "value": null }
        ]
      },
      {
        "id": "13996d74-94db-4662-8338-91bec53cdf41",
        "fields": [
          { "name": "Amount", "value": "25" },
          { "name": "Company Name", "value": "(No value)" },
          { "name": "Contract Type", "value": "New" },
          {
            "name": "Current Product Plan",
            "value": "(No value)"
          },
          {
            "name": "Customer Id",
            "value": "(No value) CID"
          },
          {
            "name": "Customer Name",
            "value": "(No value) CNAME"
          },
          { "name": "Date", "value": "2020-12-01" },
          {
            "name": "Deal Id",
            "value": "f495c004-8ce1-43bd-9287-0a026328fda0"
          },
          { "name": "Deal Name", "value": "Walsh Group" },
          { "name": "Deal Stage", "value": "Closed Lost" },
          { "name": "Deal owner", "value": "Gerald Rohan" },
          {
            "name": "Partner Referral",
            "value": "(No value)"
          },
          {
            "name": "Product Pricing Plan",
            "value": "Small"
          },
          {
            "name": "Revenue Driver",
            "value": "Self Service"
          },
          { "name": "Revenue Stream", "value": null },
          { "name": "Pricing Plan", "value": null },
          { "name": "Revenue Metric", "value": null },
          { "name": "Customer Metric", "value": null }
        ]
      },
      {
        "id": "85fc7556-c27d-4925-ac80-8dd9bcdf08fa",
        "fields": [
          { "name": "Amount", "value": "25" },
          {
            "name": "Company Name",
            "value": "Olson, Cummings and Funk"
          },
          { "name": "Contract Type", "value": "New" },
          {
            "name": "Current Product Plan",
            "value": "(No value)"
          },
          {
            "name": "Customer Id",
            "value": "Olson, Cummings and Funk"
          },
          {
            "name": "Customer Name",
            "value": "Olson, Cummings and Funk"
          },
          { "name": "Date", "value": "2020-12-01" },
          {
            "name": "Deal Id",
            "value": "5a47479a-e3fe-4c09-a05c-96572fe95ca9"
          },
          {
            "name": "Deal Name",
            "value": "Olson, Cummings and Funk"
          },
          { "name": "Deal Stage", "value": "Closed Lost" },
          { "name": "Deal owner", "value": "(No value)" },
          {
            "name": "Partner Referral",
            "value": "(No value)"
          },
          {
            "name": "Product Pricing Plan",
            "value": "Small"
          },
          {
            "name": "Revenue Driver",
            "value": "Self Service"
          },
          { "name": "Revenue Stream", "value": null },
          { "name": "Pricing Plan", "value": null },
          { "name": "Revenue Metric", "value": null },
          { "name": "Customer Metric", "value": null }
        ]
      }
    ]
  }
}
