{
  "data": [
    { "dataType": "STRING", "name": "Deal Id" },
    { "dataType": "STRING", "name": "Deal Name" },
    { "dataType": "STRING", "name": "Customer Id" },
    { "dataType": "STRING", "name": "Customer Name" },
    { "dataType": "DATE", "name": "Date" },
    { "dataType": "NUMBER", "name": "Amount" },
    { "dataType": "STRING", "name": "Company Name" },
    { "dataType": "STRING", "name": "Contract Type" },
    { "dataType": "STRING", "name": "Current Product Plan" },
    { "dataType": "STRING", "name": "Deal Stage" },
    { "dataType": "STRING", "name": "Deal owner" },
    { "dataType": "STRING", "name": "Partner Referral" },
    { "dataType": "STRING", "name": "Product Pricing Plan" },
    { "dataType": "STRING", "name": "Revenue Driver" },
    { "dataType": "STRING", "name": "Revenue Stream" },
    { "dataType": "STRING", "name": "Pricing Plan" },
    { "dataType": "STRING", "name": "Revenue Metric" },
    { "dataType": "STRING", "name": "Customer Metric" }
  ]
}
